{
  "version": 1,
  "author": "HARIPRIYA E",
  "editor": "wokwi",
  "parts": [
    {
      "type": "wokwi-pi-pico",
      "id": "pico",
      "top": 0,
      "left": 0,
      "attrs": { "env": "micropython-20231227-v1.22.0" }
    },
    {
      "type": "board-ssd1306",
      "id": "oled1",
      "top": 51.14,
      "left": 134.63,
      "attrs": { "i2cAddress": "0x3c" }
    }
  ],
  "connections": [
    [ "pico:3V3_EN", "oled1:VCC", "green", [ "h110.4", "v-99.15" ] ],
    [ "pico:GND.1", "oled1:GND", "black", [ "h166.8", "v-99.15" ] ],
    [ "pico:GP0", "oled1:SDA", "green", [ "h195.6", "v-79.95" ] ],
    [ "pico:GP1", "oled1:SCL", "green", [ "h186", "v-89.55" ] ]
  ],
  "dependencies": {}
}